,Links
0,https://www.360blue.com/rentals/properties/watercolor-447-east-royal-fern/
1,https://www.360blue.com/rentals/properties/watercolor-blue-crush-48-tall-timber-court/
2,https://www.360blue.com/rentals/properties/watersound-87-salt-box-lane/
3,https://www.360blue.com/rentals/properties/watersound-west-14-planters-moon-court/
4,https://www.360blue.com/rentals/properties/seagrove-pura-vida-167-san-roy-rd/
5,https://www.360blue.com/rentals/properties/watersound-seashell-cottage-247-salt-box-lane/
6,https://www.360blue.com/rentals/properties/seagrove-coast-is-clear-35-camellia-street/
7,https://www.360blue.com/rentals/properties/watercolor-spartina-by-the-sea-106-spartina-circle/
8,https://www.360blue.com/rentals/properties/blue-mtn-adagio-unit-b-304-2421-w-hwy-30a/
9,https://www.360blue.com/rentals/properties/watercolor-1785-e-county-hwy-30a-102/
10,https://www.360blue.com/rentals/properties/seacrest-beach-waterhouse-204-8377-e-county-highway-30a/
11,https://www.360blue.com/rentals/properties/watersound-crossings-b-421-100-s-bridge-lane/
12,https://www.360blue.com/rentals/properties/watercolor-70-red-cedar-way/
13,https://www.360blue.com/rentals/properties/watercolor-7-sand-hill-circle/
14,https://www.360blue.com/rentals/properties/watersound-crossings-b-103-100-s-bridge-lane/
15,https://www.360blue.com/rentals/properties/watercolor-59-mystic-cobalt-street/
16,https://www.360blue.com/rentals/properties/watersound-65-salt-box-lane/
17,https://www.360blue.com/rentals/properties/watercolor-151-mystic-cobalt/
18,https://www.360blue.com/rentals/properties/seacrest-beach-259-lifeguard-loop-east/
19,https://www.360blue.com/rentals/properties/blue-mountain-beach-the-point-530-blue-mountain-road/
20,https://www.360blue.com/rentals/properties/watercolor-120-buttercup/
21,https://www.360blue.com/rentals/properties/miramar-beach-41-south-payne-street/
22,https://www.360blue.com/rentals/properties/watercolor-1785-e-county-hwy-30a-301/
23,https://www.360blue.com/rentals/properties/watercolor-287-pine-needle-way/
24,https://www.360blue.com/rentals/properties/watersound-99-compass-point-way-s-304/
25,https://www.360blue.com/rentals/properties/watercolor-27-red-cedar-way/
26,https://www.360blue.com/rentals/properties/watersound-crossings-a-320-429-bridge-lane/
27,https://www.360blue.com/rentals/properties/seagrove-winged-mermaid-273-montgomery-st/
28,https://www.360blue.com/rentals/properties/watersound-at-the-waters-edge-337-bridge-lane-s-b101/
29,https://www.360blue.com/rentals/properties/watersound-crossings-c-428-100-s-bridge-lane/
30,https://www.360blue.com/rentals/properties/rosemary-beach-2-spanish-town-court/
31,https://www.360blue.com/rentals/properties/watercolor-78-bluejack-street/
32,https://www.360blue.com/rentals/properties/watercolor-92-needlerush-drive/
33,https://www.360blue.com/rentals/properties/watercolor-1680-e-county-hwy-30a-103/
34,https://www.360blue.com/rentals/properties/watersound-253-salt-box-lane/
35,https://www.360blue.com/rentals/properties/watercolor-1735-e-county-hwy-30a-205/
36,https://www.360blue.com/rentals/properties/watersound-231-salt-box-lane/
37,https://www.360blue.com/rentals/properties/watercolor-175-sand-hill-circle/
38,https://www.360blue.com/rentals/properties/watersound-100-s-bridge-ln-unit-102c/
39,https://www.360blue.com/rentals/properties/watercolor-69-running-oak-circle/
40,https://www.360blue.com/rentals/properties/villa-coyaba-307/
41,https://www.360blue.com/rentals/properties/watercolor-415-west-lake-forest-drive/
42,https://www.360blue.com/rentals/properties/blue-mountain-beach-sea-esta-391-blue-mountain-road/
43,https://www.360blue.com/rentals/properties/watercolor-65-spartina-circle/
44,https://www.360blue.com/rentals/properties/seaside-old-natchez-main-house-147-grayton-street/
45,https://www.360blue.com/rentals/properties/watercolor-sea-salt-137-scrub-oak-circle/
46,https://www.360blue.com/rentals/properties/watersound-10-compass-point-way/
47,https://www.360blue.com/rentals/properties/seacrest-beach-7588-e-county-hwy-30a/
48,https://www.360blue.com/rentals/properties/watercolor-46-watercolor-blvd-e-104/
49,https://www.360blue.com/rentals/properties/seaside-the-sweet-escape-45-central-square-penthouse-b/
50,https://www.360blue.com/rentals/properties/seacrest-beach-fantasea-21-sandal-lane/
51,https://www.360blue.com/rentals/properties/watercolor-104-buttercup-street/
52,https://www.360blue.com/rentals/properties/destin-leave-of-absence-4817-ocean-boulevard/
53,https://www.360blue.com/rentals/properties/panama-city-beach-22343-front-beach-road/
54,https://www.360blue.com/rentals/properties/seagrove-shore-to-have-fun-25-kristi-lane/
55,https://www.360blue.com/rentals/properties/grayton-beach-grayt-reflections-44-white-sands-unit-b/
56,https://www.360blue.com/rentals/properties/rosemary-beach-34-n-barrett-square-2e/
57,https://www.360blue.com/rentals/properties/destin-91-shirah/
58,https://www.360blue.com/rentals/properties/dune-allen-sea-glass-128-bullard-road/
59,https://www.360blue.com/rentals/properties/rosemary-beach-pura-vida-174-round-road-main-house/
60,https://www.360blue.com/rentals/properties/watercolor-vermillionaire-46-vermillion-way/
61,https://www.360blue.com/rentals/properties/watercolor-90-silver-laurel-way/
62,https://www.360blue.com/rentals/properties/watercolor-22-wiregrass-way/
63,https://www.360blue.com/rentals/properties/watersound-crossings-a-104-429-bridge-lane/
64,https://www.360blue.com/rentals/properties/seagrove-139-brown-street/
65,https://www.360blue.com/rentals/properties/watercolor-27-lyonia-lane/
66,https://www.360blue.com/rentals/properties/villa-coyaba-406-3016-scenic-highway-98/
67,https://www.360blue.com/rentals/properties/watersound-compass-point-ii-103-watersound-bliss/
68,https://www.360blue.com/rentals/properties/watersound-cape-cottage-230-salt-box-lane/
69,https://www.360blue.com/rentals/properties/watercolor-76-tall-timber/
70,https://www.360blue.com/rentals/properties/seacrest-beach-three-little-birds-30-barefoot-lane/
71,https://www.360blue.com/rentals/properties/watercolor-114-buttercup-street/
72,https://www.360blue.com/rentals/properties/watercolor-beachside-19-1848-e-co-hwy-30a/
73,https://www.360blue.com/rentals/properties/watercolor-81-needlerush-drive/
74,https://www.360blue.com/rentals/properties/destin-costa-cabana-320-gulf-shore-drive/
75,https://www.360blue.com/rentals/properties/watersound-crossings-b-109-100-s-bridge-lane/
76,https://www.360blue.com/rentals/properties/watercolor-69-pine-needle-way/
77,https://www.360blue.com/rentals/properties/watercolor-seven-saturdays-24-pine-needle/
78,https://www.360blue.com/rentals/properties/watercolor-yolo-800-western-lake/
79,https://www.360blue.com/rentals/properties/watercolor-southside-serenity-1680-e-county-hwy-30a-102/
80,https://www.360blue.com/rentals/properties/miramar-beach-h2o-15-lake-court/
81,https://www.360blue.com/rentals/properties/watercolor-46-watercolor-blvd-e-102/
82,https://www.360blue.com/rentals/properties/seacrest-beach-villas-at-sunset-beach-c202-kyma/
83,https://www.360blue.com/rentals/properties/seaside-sisters-three-by-the-sea-2056-e-county-highway-30a/
84,https://www.360blue.com/rentals/properties/endless-view-74-majestica-circle/
85,https://www.360blue.com/rentals/properties/watersound-crossings-a-428-100-s-bridge-lane/
86,https://www.360blue.com/rentals/properties/watersound-5-signal-court/
87,https://www.360blue.com/rentals/properties/seacrest-beach-monterey-condominium-unit-b101/
88,https://www.360blue.com/rentals/properties/watersound-20-quarter-moon-lane/
89,https://www.360blue.com/rentals/properties/watercolor-1942-e-county-hwy-30a/
90,https://www.360blue.com/rentals/properties/villa-coyaba-407-3016-scenic-highway-98/
91,https://www.360blue.com/rentals/properties/watercolor-wispy-waters-73-western-lake-drive/
92,https://www.360blue.com/rentals/properties/watercolor-1303-western-lake-drive/
93,https://www.360blue.com/rentals/properties/watercolor-20-goldenrod-circle-302/
94,https://www.360blue.com/rentals/properties/rosemary-beach-pura-vida-174-round-road-carriage-house/
95,https://www.360blue.com/rentals/properties/watercolor-80-spartina-circle/
96,https://www.360blue.com/rentals/properties/watercolor-102-red-cedar-way/
97,https://www.360blue.com/rentals/properties/miramar-beach-mediterranea-penthouse-50-surf-song-ln-unit-c507/
98,https://www.360blue.com/rentals/properties/rosemary-beach-sandy-dreams-35-wiggle-lane/
99,https://www.360blue.com/rentals/properties/watercolor-128-silver-laurel-way/
100,https://www.360blue.com/rentals/properties/watercolor-43-spartina-circle/
101,https://www.360blue.com/rentals/properties/watercolor-bluegrass-bliss-18-crossvine-circle/
102,https://www.360blue.com/rentals/properties/watercolor-10-watercolor-blvd-e-102/
103,https://www.360blue.com/rentals/properties/watercolor-113-pond-cypress-way/
104,https://www.360blue.com/rentals/properties/watersound-crossings-b-312-100-s-bridge-lane/
105,https://www.360blue.com/rentals/properties/destin-2841-scenic-hwy-98/
106,https://www.360blue.com/rentals/properties/watercolor-114-pine-needle/
107,https://www.360blue.com/rentals/properties/seacrest-mama-ks-beach-56-sand-flea-drive/
108,https://www.360blue.com/rentals/properties/seacrest-beach-ocean-view-oasis-44-sandy-shores-drive/
109,https://www.360blue.com/rentals/properties/seagrove-chivallionare-138-chivas-lane/
110,https://www.360blue.com/rentals/properties/watercolor-143-dandelion-drive/
111,https://www.360blue.com/rentals/properties/watersound-17-north-shingle-lane/
112,https://www.360blue.com/rentals/properties/miramar-beach-casa-grande-747-scenic-gulf-drive/
113,https://www.360blue.com/rentals/properties/seagrove-thyme-to-unwind-59-thyme-street/
114,https://www.360blue.com/rentals/properties/inlet-beach-76-n-winston-lane/
115,https://www.360blue.com/rentals/properties/watercolor-105-park-row-lane/
116,https://www.360blue.com/rentals/properties/seacrest-beach-villa-bon-secour-426-pelican-circle/
117,https://www.360blue.com/rentals/properties/watercolor-second-sandbar-1946-e-county-hwy-30a/
118,https://www.360blue.com/rentals/properties/seagrove-beach-please-327-eastern-lake-road/
119,https://www.360blue.com/rentals/properties/watercolor-328-red-cedar-way/
120,https://www.360blue.com/rentals/properties/seacrest-beach-29-beachcomber-lane/
121,https://www.360blue.com/rentals/properties/watercolor-360-red-cedar/
122,https://www.360blue.com/rentals/properties/watercolor-33-bluestem-street/
123,https://www.360blue.com/rentals/properties/watersound-273-salt-box-lane/
124,https://www.360blue.com/rentals/properties/watercolor-192-royal-fern-way/
125,https://www.360blue.com/rentals/properties/seagrove-beach-3880-e-county-road-30-a-402/
126,https://www.360blue.com/rentals/properties/villa-coyaba-403-3016-scenic-highway-98/
127,https://www.360blue.com/rentals/properties/rosemary-beach-171-e-kingston-road/
128,https://www.360blue.com/rentals/properties/watercolor-all-decked-out-425-west-lake-forest/
129,https://www.360blue.com/rentals/properties/watersound-rose-hall-11-compass-rose-way/
130,https://www.360blue.com/rentals/properties/rosemary-beach-27-st-augustine-unit-27b/
131,https://www.360blue.com/rentals/properties/destin-71-vista-bluffs/
132,https://www.360blue.com/rentals/properties/miramar-beach-las-puerto-1875-scenic-gulf-drive/
133,https://www.360blue.com/rentals/properties/watercolor-114-sunset-ridge-lane/
134,https://www.360blue.com/rentals/properties/watercolor-178-spartina-circle/
135,https://www.360blue.com/rentals/properties/watercolor-sunflower-cottage-848-western-lake-drive/
136,https://www.360blue.com/rentals/properties/watercolor-28-sunset-ridge-lane/
137,https://www.360blue.com/rentals/properties/watercolor-happy-place-6-watercolor-blvd-s-204/
138,https://www.360blue.com/rentals/properties/seagrove-beach-425-beachfront-trail/
139,https://www.360blue.com/rentals/properties/watercolor-camphouse-34-viridian-park/
140,https://www.360blue.com/rentals/properties/watercolor-90-scrub-oak-circle/
141,https://www.360blue.com/rentals/properties/rosemary-beach-46-n-barrett-square-the-georgetown-303/
142,https://www.360blue.com/rentals/properties/watercolor-372-red-cedar-way/
143,https://www.360blue.com/rentals/properties/dune-allen-5664-west-county-highway-30a/
144,https://www.360blue.com/rentals/properties/watersound-25-n-founders-lane/
145,https://www.360blue.com/rentals/properties/watercolor-sunny-lane-282-spartina-circle/
146,https://www.360blue.com/rentals/properties/seacrest-beach-beauty-and-the-beach-11-trigger-trail-east/
147,https://www.360blue.com/rentals/properties/watercolor-37-winterberry-circle/
148,https://www.360blue.com/rentals/properties/watersound-sea-glass-152-e-yacht-pond-lane/
149,https://www.360blue.com/rentals/properties/miramar-beach-gulf-splendor-i-253-open-gulf-street/
150,https://www.360blue.com/rentals/properties/rosemary-beach-playa-azul-119-wiggle-lane/
151,https://www.360blue.com/rentals/properties/watercolor-45-watercolor-blvd-101/
152,https://www.360blue.com/rentals/properties/miramar-beach-gulf-splendor-253-open-gulf-street/
153,https://www.360blue.com/rentals/properties/watersound-crossings-b-107-100-s-bridge-lane/
154,https://www.360blue.com/rentals/properties/seagrove-crabb-shack-162-chivas-lane/
155,https://www.360blue.com/rentals/properties/watercolor-28-watercolor-blvd-e-101/
156,https://www.360blue.com/rentals/properties/watercolor-happy-place-370-spartina-circle/
157,https://www.360blue.com/rentals/properties/seacrest-beach-sealah-150-geoff-wilder-lane/
158,https://www.360blue.com/rentals/properties/watercolor-65-wisteria-way/
159,https://www.360blue.com/rentals/properties/miramar-beach-miramar-paradise-916-scenic-gulf-drive/
160,https://www.360blue.com/rentals/properties/watercolor-family-thyme-1295-western-lake-drive/
161,https://www.360blue.com/rentals/properties/watercolor-434-western-lake-drive/
162,https://www.360blue.com/rentals/properties/watercolor-21-royal-fern-way/
163,https://www.360blue.com/rentals/properties/dune-allen-44-hilltop-drive/
164,https://www.360blue.com/rentals/properties/seagrove-28-dalton-drive/
165,https://www.360blue.com/rentals/properties/watercolor-fla-mingo-45-watercolor-blvd-w-104/
166,https://www.360blue.com/rentals/properties/blue-mountain-4463-w-county-highway-30a-unit-102/
167,https://www.360blue.com/rentals/properties/watercolor-54-thicket-circle/
168,https://www.360blue.com/rentals/properties/watercolor-101-wisteria-way/
169,https://www.360blue.com/rentals/properties/watercolor-1362-western-lake-drive/
170,https://www.360blue.com/rentals/properties/watercolor-28-red-cedar-way/
171,https://www.360blue.com/rentals/properties/watercolor-136-silver-laurel-way/
172,https://www.360blue.com/rentals/properties/watercolor-1650-e-county-hwy-30a-302/
173,https://www.360blue.com/rentals/properties/inlet-beach-80-pinecrest-circle/
174,https://www.360blue.com/rentals/properties/grayton-beach-148-gulf-shore-drive/
175,https://www.360blue.com/rentals/properties/grayton-beach-grayton-groove-428-defuniak-street/
176,https://www.360blue.com/rentals/properties/watercolor-685-western-lake-drive/
177,https://www.360blue.com/rentals/properties/watercolor-604-western-lake-drive/
178,https://www.360blue.com/rentals/properties/seagrove-our-happy-place-177-san-roy-rd/
179,https://www.360blue.com/rentals/properties/destin-1900-scenic-98-unit-702/
180,https://www.360blue.com/rentals/properties/seacrest-beach-bike-wreck-annies-73-lifeguard-loop/
181,https://www.360blue.com/rentals/properties/watercolor-26-mist-flower-lane/
182,https://www.360blue.com/rentals/properties/watercolor-41-muhly-circle/
183,https://www.360blue.com/rentals/properties/watercolor-150-cove-hollow-street/
184,https://www.360blue.com/rentals/properties/destin-caribbean-cabana-4719-ocean-boulevard/
185,https://www.360blue.com/rentals/properties/watercolor-1349-western-lake-drive/
186,https://www.360blue.com/rentals/properties/dune-allen-heavenly-view-6192-west-county-hwy-30a/
187,https://www.360blue.com/rentals/properties/watercolor-146-bluejack-street/
188,https://www.360blue.com/rentals/properties/watercolor-68-pine-needle-way/
189,https://www.360blue.com/rentals/properties/watersound-crossings-c-107-100-s-bridge-lane/
190,https://www.360blue.com/rentals/properties/miramar-beach-219-open-gulf-street/
191,https://www.360blue.com/rentals/properties/watercolor-70-sunset-ridge-lane/
192,https://www.360blue.com/rentals/properties/watercolor-1650-e-county-hwy-30a-301/
193,https://www.360blue.com/rentals/properties/watercolor-1777-e-county-hwy-30a-201/
194,https://www.360blue.com/rentals/properties/watercolor-36-lyonia-lane/
195,https://www.360blue.com/rentals/properties/watercolor-breath-of-fresh-air-214-spartina-circle/
196,https://www.360blue.com/rentals/properties/watercolor-198-needlerush-drive/
197,https://www.360blue.com/rentals/properties/watercolor-beachside-4-1848-e-co-hwy-30a/
198,https://www.360blue.com/rentals/properties/destin-5-oclock-somewhere-2809-scenic-hwy-98/
199,https://www.360blue.com/rentals/properties/inlet-beach-rolling-dunes-cottage-92-n-winston-lane/
200,https://www.360blue.com/rentals/properties/watersound-71-s-watch-tower-lane/
201,https://www.360blue.com/rentals/properties/watersound-blueberry-hill-17-compass-point-way/
202,https://www.360blue.com/rentals/properties/rosemary-beach-savannah-loft-5-main-street-unit-1c/
203,https://www.360blue.com/rentals/properties/watersound-47-salt-box-lane/
204,https://www.360blue.com/rentals/properties/villa-coyaba-207-3016-scenic-highway-98/
205,https://www.360blue.com/rentals/properties/seacrest-beach-seacrest-beachcomber-21-beachcomber-lane/
206,https://www.360blue.com/rentals/properties/watercolor-11-watercolor-blvd-w-101/
207,https://www.360blue.com/rentals/properties/destin-89-shirah/
208,https://www.360blue.com/rentals/properties/watercolor-hearts-desire-467-east-royal-fern/
209,https://www.360blue.com/rentals/properties/seacrest-beach-villas-at-sunset-beach-b101/
210,https://www.360blue.com/rentals/properties/blue-mtn-adagio-unit-c-405-2421-w-hwy-30a/
211,https://www.360blue.com/rentals/properties/miramar-beach-forever-house-30-starboard-court/
212,https://www.360blue.com/rentals/properties/watercolor-188-spartina-circle/
213,https://www.360blue.com/rentals/properties/seagrove-beach-119-dune-estates-blvd/
214,https://www.360blue.com/rentals/properties/watercolor-40-tall-timber/
215,https://www.360blue.com/rentals/properties/watersound-210-coopersmith-lane/
216,https://www.360blue.com/rentals/properties/watersound-11-s-lake-bridge-lane/
217,https://www.360blue.com/rentals/properties/watercolor-the-blue-belle-32-bluestem-lane/
218,https://www.360blue.com/rentals/properties/destin-trip-around-the-sun-53-sunfish-street/
219,https://www.360blue.com/rentals/properties/watersound-indescribable-100-s-bridge-lane-unit-426-c/
220,https://www.360blue.com/rentals/properties/watercolor-seacolor-838-western-lake-drive/
221,https://www.360blue.com/rentals/properties/destin-a-shore-thing-55-sunfish-street/
222,https://www.360blue.com/rentals/properties/watercolor-beachfront-21-1848-e-co-hwy-30a/
223,https://www.360blue.com/rentals/properties/seagrove-la-piscina-35-hinton-drive/
224,https://www.360blue.com/rentals/properties/seacrest-beach-array-of-sunshine-80-blue-crab-loop/
225,https://www.360blue.com/rentals/properties/watersound-99-compass-point-way-s-301/
226,https://www.360blue.com/rentals/properties/watercolor-164-needlerush-drive/
227,https://www.360blue.com/rentals/properties/watercolor-95-dandelion-drive/
228,https://www.360blue.com/rentals/properties/watercolor-55-wisteria-way/
229,https://www.360blue.com/rentals/properties/watercolor-11-bluejack-street/
230,https://www.360blue.com/rentals/properties/watersound-232-e-yacht-pond-lane/
231,https://www.360blue.com/rentals/properties/seacrest-beach-inn-seaclusion-183-geoff-wilder-lane/
232,https://www.360blue.com/rentals/properties/miramar-beach-94-miami-street/
233,https://www.360blue.com/rentals/properties/watercolor-117-silver-laurel-way/
234,https://www.360blue.com/rentals/properties/watersound-compass-point-ii-107-37-south-compass-point-way/
235,https://www.360blue.com/rentals/properties/watersound-281-salt-box-lane/
236,https://www.360blue.com/rentals/properties/seacrest-beach-sea-pearl-73-flip-flop-lane/
237,https://www.360blue.com/rentals/properties/watercolor-10-unit-301-10-watercolor-blvd-e/
238,https://www.360blue.com/rentals/properties/watercolor-13-lake-district-lane/
239,https://www.360blue.com/rentals/properties/watercolor-22-winterberry-circle/
240,https://www.360blue.com/rentals/properties/watercolor-30-watercolor-boulevard-unit-201/
241,https://www.360blue.com/rentals/properties/watersound-265-salt-box-lane/
242,https://www.360blue.com/rentals/properties/watersound-crossings-c-110-100-s-bridge-lane/
243,https://www.360blue.com/rentals/properties/watersound-bella-vista-81-south-watch-tower/
244,https://www.360blue.com/rentals/properties/seagrove-time-well-spent-109-santa-clara-street/
245,https://www.360blue.com/rentals/properties/rosemary-235-wiggle-lane/
246,https://www.360blue.com/rentals/properties/seacrest-beach-sandy-dreams-91-lifeguard-loop/
247,https://www.360blue.com/rentals/properties/watercolor-1261-western-lake-drive/
248,https://www.360blue.com/rentals/properties/watercolor-12-viridian-park-drive/
249,https://www.360blue.com/rentals/properties/watercolor-128-needlerush-drive/
250,https://www.360blue.com/rentals/properties/blue-mountain-bella-vita-unit-b405/
251,https://www.360blue.com/rentals/properties/seacrest-beach-on-the-beach-8028-e-county-hwy-30a/
252,https://www.360blue.com/rentals/properties/seacrest-beach-170-seacrest-beach-boulevard-east/
253,https://www.360blue.com/rentals/properties/watersound-time-of-your-life-86-compass-point-way/
254,https://www.360blue.com/rentals/properties/watercolor-157-winterberry-circle/
255,https://www.360blue.com/rentals/properties/watercolor-736-western-lake-drive/
256,https://www.360blue.com/rentals/properties/watercolor-12-pine-lily-circle/
257,https://www.360blue.com/rentals/properties/watercolor-grace-by-the-sea-344-red-cedar/
258,https://www.360blue.com/rentals/properties/destin-108-sandprint/
259,https://www.360blue.com/rentals/properties/villa-coyaba-402-3016-scenic-highway-98/
260,https://www.360blue.com/rentals/properties/watersound-crossings-c-112-100-s-bridge-lane/
261,https://www.360blue.com/rentals/properties/watersound-28-shingle-lane/
262,https://www.360blue.com/rentals/properties/watercolor-mari-lee-by-the-sea-10-watercolor-blvd-302/
263,https://www.360blue.com/rentals/properties/watersound-83-west-salt-box-lane/
264,https://www.360blue.com/rentals/properties/dune-allen-santa-rosa-one-5055-west-county-hwy-30a-unit-1029/
265,https://www.360blue.com/rentals/properties/villa-coyaba-206-3016-scenic-highway-98/
266,https://www.360blue.com/rentals/properties/seacrest-beach-a-good-distraction-99-w-cobia-run/
267,https://www.360blue.com/rentals/properties/seacrest-beach-shiplap-house-41-tranquil-way/
268,https://www.360blue.com/rentals/properties/watersound-crossings-a-105-429-bridge-lane/
269,https://www.360blue.com/rentals/properties/watercolor-29-just-dream-wisteria-way/
270,https://www.360blue.com/rentals/properties/watercolor-121-winterberry-circle/
271,https://www.360blue.com/rentals/properties/watercolor-152-red-cedar-way/
272,https://www.360blue.com/rentals/properties/watercolor-163-pond-cypress-way/
273,https://www.360blue.com/rentals/properties/watersound-72-yacht-pond/
274,https://www.360blue.com/rentals/properties/watercolor-288-western-lake-drive/
275,https://www.360blue.com/rentals/properties/watercolor-1701-e-county-hwy-30a-302/
276,https://www.360blue.com/rentals/properties/rosemary-beach-coquina-cottage-28-n-cartagena-lane/
277,https://www.360blue.com/rentals/properties/watersound-99-compass-point-way-s-203/
278,https://www.360blue.com/rentals/properties/watercolor-55-running-oak-circle/
279,https://www.360blue.com/rentals/properties/watercolor-384-red-cedar-way/
280,https://www.360blue.com/rentals/properties/watercolor-1735-e-county-hwy-30a-303/
281,https://www.360blue.com/rentals/properties/watercolor-93-vermillion-way/
282,https://www.360blue.com/rentals/properties/watercolor-30-watercolor-blvd-n-202/
283,https://www.360blue.com/rentals/properties/rosemary-beach-room-with-a-view-19-n-briland-lane/
284,https://www.360blue.com/rentals/properties/watersound-crossings-c-321-100-s-bridge-lane/
285,https://www.360blue.com/rentals/properties/watercolor-36-inkberry-street/
286,https://www.360blue.com/rentals/properties/watercolor-290-cove-hollow/
287,https://www.360blue.com/rentals/properties/watercolor-153-silver-laurel-way/
288,https://www.360blue.com/rentals/properties/watersound-bunnys-cotttage-225-salt-box-lane/
289,https://www.360blue.com/rentals/properties/watersound-summer-fever-22-founders-court/
290,https://www.360blue.com/rentals/properties/watersound-99-compass-point-way-s-202/
291,https://www.360blue.com/rentals/properties/rosemary-beach-pura-vida-174-round-road/
292,https://www.360blue.com/rentals/properties/watersound-cape-escape-29-salt-box-lane-west/
293,https://www.360blue.com/rentals/properties/watersound-125-coopersmith-lane/
294,https://www.360blue.com/rentals/properties/destin-le-sable-chateau-120-sandprint-circle/
295,https://www.360blue.com/rentals/properties/watersound-290-salt-box-lane/
296,https://www.360blue.com/rentals/properties/rosemary-beach-la-bella-vita-123-e-long-green-road/
297,https://www.360blue.com/rentals/properties/watersound-287-salt-box-lane/
298,https://www.360blue.com/rentals/properties/rosemary-beach-dots-beach-retreat-34-n-barrett-square-unit-3a/
299,https://www.360blue.com/rentals/properties/watercolor-kens-cottage-221-lake-forest-drive/
300,https://www.360blue.com/rentals/properties/destin-1900-scenic-98-902/
301,https://www.360blue.com/rentals/properties/watercolor-64-vermilion-way/
302,https://www.360blue.com/rentals/properties/watersound-99-compass-point-way-s-207/
303,https://www.360blue.com/rentals/properties/seagrove-sarayu-187-san-roy-rd/
304,https://www.360blue.com/rentals/properties/watercolor-the-way-we-like-it-433-pine-needle-way/
305,https://www.360blue.com/rentals/properties/watersound-crossings-b-422-100-s-bridge-lane/
306,https://www.360blue.com/rentals/properties/grace-point-12-patience-lane/
307,https://www.360blue.com/rentals/properties/blue-mountain-beach-savasana-122-sand-dunes/
308,https://www.360blue.com/rentals/properties/blue-mountain-beach-just-one-more-16-n-spooky-lane/
309,https://www.360blue.com/rentals/properties/seagrove-beach-falling-waters-villa-440-beachfront-trail/
310,https://www.360blue.com/rentals/properties/watercolor-155-bluejack-street/
311,https://www.360blue.com/rentals/properties/watercolor-10-lyonia-lane/
312,https://www.360blue.com/rentals/properties/blue-mountain-4463-w-county-highway-30a-unit-300/
313,https://www.360blue.com/rentals/properties/miramar-beach-vitamin-sea-18-spyglass-drive/
314,https://www.360blue.com/rentals/properties/watersound-you-are-my-sunshine-242-e-yacht-pond-lane/
315,https://www.360blue.com/rentals/properties/blue-mtn-adagio-unit-b-103-2421-w-hwy-30a/
316,https://www.360blue.com/rentals/properties/watercolor-28-beachberry-lane/
317,https://www.360blue.com/rentals/properties/grayton-beach-seas-the-day-524-defuniak-street/
318,https://www.360blue.com/rentals/properties/villa-coyaba-104-3016-scenic-highway-98/
319,https://www.360blue.com/rentals/properties/watercolor-1785-e-county-hwy-30a-101/
320,https://www.360blue.com/rentals/properties/watercolor-47-royal-fern-way/
321,https://www.360blue.com/rentals/properties/miramar-beach-138-beach-drive-west/
322,https://www.360blue.com/rentals/properties/watersound-the-salty-deer-85-s-founders-lane/
323,https://www.360blue.com/rentals/properties/watersound-193-anchor-rode-circle/
324,https://www.360blue.com/rentals/properties/watersound-23-shore-bridge-circle/
325,https://www.360blue.com/rentals/properties/blue-mountain-beach-mint-to-be-110-gulf-point/
326,https://www.360blue.com/rentals/properties/destin-oysters-and-pearls-87-shirah-street/
327,https://www.360blue.com/rentals/properties/destin-93-stingray-street/
328,https://www.360blue.com/rentals/properties/watercolor-75-wisteria-way/
329,https://www.360blue.com/rentals/properties/watercolor-safe-harbor-47-red-cedar-way/
330,https://www.360blue.com/rentals/properties/watercolor-241-red-cedar-way-1/
331,https://www.360blue.com/rentals/properties/seaside-old-natchez-carriage-house-147-grayton-street/
332,https://www.360blue.com/rentals/properties/blue-mountain-beach-salty-marias-19-mary-street/
333,https://www.360blue.com/rentals/properties/grayton-beach-157-savelle-drive/
334,https://www.360blue.com/rentals/properties/watercolor-166-sandy-creek-dr/
335,https://www.360blue.com/rentals/properties/1680-county-hwy-30a-unit-301/
336,https://www.360blue.com/rentals/properties/seagrove-beach-seahighland/
337,https://www.360blue.com/rentals/properties/rosemary-flat-2f-coco-pucci-104-north-barrett-square/
338,https://www.360blue.com/rentals/properties/watersound-25-full-moon-lane/
339,https://www.360blue.com/rentals/properties/watercolor-36-mist-flower/
340,https://www.360blue.com/rentals/properties/watersound-west-beach-46-tumblehome-way/
341,https://www.360blue.com/rentals/properties/watercolor-650-east-royal-fern/
342,https://www.360blue.com/rentals/properties/watercolor-beachside-3-1848-e-co-hwy-30a/
343,https://www.360blue.com/rentals/properties/watercolor-174-needlerush-drive/
344,https://www.360blue.com/rentals/properties/watercolor-paradise-found-43-silk-grass/
345,https://www.360blue.com/rentals/properties/watercolor-662-western-lake-drive/
346,https://www.360blue.com/rentals/properties/seaside-here-comes-the-sun-2036-e-hwy-30a/
347,https://www.360blue.com/rentals/properties/watercolor-167-dandelion-drive/
348,https://www.360blue.com/rentals/properties/watersound-97-s-founders-lane/
349,https://www.360blue.com/rentals/properties/watersound-founders-keepers-50-north-founders-lane/
350,https://www.360blue.com/rentals/properties/seagrove-beach-2743-e-county-hwy-30a-202/
351,https://www.360blue.com/rentals/properties/watercolor-second-sandbar-57-western-lake-drive/
352,https://www.360blue.com/rentals/properties/watercolor-1640-e-co-hwy-30a-101/
353,https://www.360blue.com/rentals/properties/watercolor-478-east-royal-fern/
354,https://www.360blue.com/rentals/properties/watercolor-98-mystic-cobalt/
355,https://www.360blue.com/rentals/properties/blue-mountain-beach-260-old-beach-road/
356,https://www.360blue.com/rentals/properties/watercolor-379-spartina-circle/
357,https://www.360blue.com/rentals/properties/watercolor-the-place-to-be-1352-western-lake-drive/
358,https://www.360blue.com/rentals/properties/miramar-beach-151-snowdrift-road/
359,https://www.360blue.com/rentals/properties/blue-mountain-family-traditions-3959-west-county-highway-30a/
360,https://www.360blue.com/rentals/properties/watercolor-34-crossvine-circle/
361,https://www.360blue.com/rentals/properties/destin-destin-pointe-53-lands-end-drive/
362,https://www.360blue.com/rentals/properties/watercolor-30-watercolor-blvd-north-301/
363,https://www.360blue.com/rentals/properties/watercolor-1322-western-lake-drive/
364,https://www.360blue.com/rentals/properties/watercolor-120-flatwood-street/
365,https://www.360blue.com/rentals/properties/seagrove-26-north-dothan-avenue/
366,https://www.360blue.com/rentals/properties/watercolor-11-watercolor-blvd-w-102/
367,https://www.360blue.com/rentals/properties/watercolor-1275-western-lake-drive/
368,https://www.360blue.com/rentals/properties/watercolor-82-mystic-colbalt/
369,https://www.360blue.com/rentals/properties/seacrest-beach-pura-vida-43-trigger-trail-east/
370,https://www.360blue.com/rentals/properties/watersound-crossings-b-102-100-s-bridge-lane/
371,https://www.360blue.com/rentals/properties/watercolor-beachside-6-1848-e-co-hwy-30a/
372,https://www.360blue.com/rentals/properties/watercolor-196-red-cedar-way/
373,https://www.360blue.com/rentals/properties/seacrest-beach-monterey-condominium-unit-c301/
374,https://www.360blue.com/rentals/properties/watercolor-a-coastal-indulgence-89-running-oak-circle/
375,https://www.360blue.com/rentals/properties/rosemary-parkers-place-34-n-barrett-sq-3e/
376,https://www.360blue.com/rentals/properties/panama-city-beach-22339-front-beach-road/
377,https://www.360blue.com/rentals/properties/watercolor-11-watercolor-blvd-e-201/
378,https://www.360blue.com/rentals/properties/watercolor-1785-e-county-hwy-30a-302/
379,https://www.360blue.com/rentals/properties/watercolor-728-western-lake-drive/
380,https://www.360blue.com/rentals/properties/watercolor-54-inkberry-street/
381,https://www.360blue.com/rentals/properties/inlet-beach-coast-is-clear-392-walton-rose-ln/
382,https://www.360blue.com/rentals/properties/villa-coyaba-301-3016-scenic-highway-98/
383,https://www.360blue.com/rentals/properties/watersound-246-salt-box-lane/
384,https://www.360blue.com/rentals/properties/watercolor-gather-together-164-red-cedar-way/
385,https://www.360blue.com/rentals/properties/watercolor-301-western-lake-drive/
386,https://www.360blue.com/rentals/properties/seaside-my-three-sons-665-forest-street/
387,https://www.360blue.com/rentals/properties/watercolor-51-park-row-ln/
388,https://www.360blue.com/rentals/properties/watersound-crossings-a-103-429-bridge-lane/
389,https://www.360blue.com/rentals/properties/watersound-compass-point-ii-101-37-compass-pt-way/
390,https://www.360blue.com/rentals/properties/watercolor-changes-in-attitude-124-spartina-circle/
391,https://www.360blue.com/rentals/properties/blue-mtn-60-grande-beach-drive/
392,https://www.360blue.com/rentals/properties/blue-mtn-adagio-unit-a-103-2421-w-hwy-30a/
393,https://www.360blue.com/rentals/properties/watersound-crossings-c-105-100-s-bridge-lane/
394,https://www.360blue.com/rentals/properties/seagrove-2768-e-county-highway-30a/
395,https://www.360blue.com/rentals/properties/watercolor-731-western-lake-drive/
396,https://www.360blue.com/rentals/properties/watercolor-sunny-side-up-568-east-royal-fern-way/
397,https://www.360blue.com/rentals/properties/watercolor-29-dandelion-drive/
398,https://www.360blue.com/rentals/properties/watercolor-39-wisteria-way/
399,https://www.360blue.com/rentals/properties/watercolor-the-cottage-on-scrub-oak-235-scrub-oak-circle/
400,https://www.360blue.com/rentals/properties/seacrest-beach-beso-blue-58-e-cobia-run/
401,https://www.360blue.com/rentals/properties/watercolor-66-tall-timber-court/
402,https://www.360blue.com/rentals/properties/watercolor-154-silver-laurel-way/
403,https://www.360blue.com/rentals/properties/watercolor-1660-e-county-hwy-30a-101/
404,https://www.360blue.com/rentals/properties/miramar-beach-45-beach-drive-east/
405,https://www.360blue.com/rentals/properties/watercolor-1227-western-lake-drive/
406,https://www.360blue.com/rentals/properties/watercolor-29-red-basil/
407,https://www.360blue.com/rentals/properties/seaside-blue-view-2308-e-co-hwy-30a/
408,https://www.360blue.com/rentals/properties/watercolor-libbysand-243-pine-needle-way/
409,https://www.360blue.com/rentals/properties/rosemary-beach-143-west-water-street/
410,https://www.360blue.com/rentals/properties/watercolor-33-lyonia-lane/
411,https://www.360blue.com/rentals/properties/destin-aqua-tranquility-80-tranquility-lane/
412,https://www.360blue.com/rentals/properties/watersound-17-keel-court/
413,https://www.360blue.com/rentals/properties/grayton-beach-98-savelle-drive/
414,https://www.360blue.com/rentals/properties/watercolor-632-western-lake-drive/
415,https://www.360blue.com/rentals/properties/watersound-crossings-a-323-429-bridge-lane/
416,https://www.360blue.com/rentals/properties/watersound-40-watch-tower-lane/
417,https://www.360blue.com/rentals/properties/seagrove-349-south-gulf-drive/
418,https://www.360blue.com/rentals/properties/watercolor-the-general-11-viridian-park-drive/
419,https://www.360blue.com/rentals/properties/destin-villa-blanco-627-gulf-shore-drive/
420,https://www.360blue.com/rentals/properties/watercolor-57-buttercup-street/
421,https://www.360blue.com/rentals/properties/seacrest-beach-roll-with-it-7939-e-county-hwy-30a/
422,https://www.360blue.com/rentals/properties/watercolor-serenity-path-695-western-lake-drive/
423,https://www.360blue.com/rentals/properties/watercolor-97-running-oak/
424,https://www.360blue.com/rentals/properties/watercolor-378-western-lake-drive/
425,https://www.360blue.com/rentals/properties/rosemary-mercado-3c-82-s-barrett-sq/
426,https://www.360blue.com/rentals/properties/seagrove-3820-east-county-hwy-30a-unit-201/
427,https://www.360blue.com/rentals/properties/watercolor-131-mystic-cobalt-street/
428,https://www.360blue.com/rentals/properties/blue-mountain-beach-latitude-adjustment-505-old-beach-road/
429,https://www.360blue.com/rentals/properties/watercolor-99-mystic-cobalt-street/
430,https://www.360blue.com/rentals/properties/watercolor-79-dandelion/
431,https://www.360blue.com/rentals/properties/watercolor-sun-salutation-694-western-lake-drive/
432,https://www.360blue.com/rentals/properties/watercolor-boat-house-746-western-lake-drive/
433,https://www.360blue.com/rentals/properties/blue-mtn-19-sandcastle-court/
434,https://www.360blue.com/rentals/properties/seagrove-3537-east-county-highway-30a/
435,https://www.360blue.com/rentals/properties/watercolor-mia-bella-675-western-lake-drive/
436,https://www.360blue.com/rentals/properties/seagrove-beach-four-palms-499-lakeview-drive/
437,https://www.360blue.com/rentals/properties/villa-coyaba-308-3016-scenic-highway-98/
438,https://www.360blue.com/rentals/properties/seagrove-502-beachfront-trail/
439,https://www.360blue.com/rentals/properties/rosemary-beach-palmer-flat-108-georgetown-ave-unit-e/
440,https://www.360blue.com/rentals/properties/watercolor-350-red-cedar-way/
441,https://www.360blue.com/rentals/properties/watersound-18-south-watch-tower-lane/
442,https://www.360blue.com/rentals/properties/watercolor-121-red-cedar-way/
443,https://www.360blue.com/rentals/properties/rosemary-beach-serenity-now-216-round-road/
444,https://www.360blue.com/rentals/properties/watersound-99-compass-point-way-s-405/
445,https://www.360blue.com/rentals/properties/watercolor-1640-e-county-hwy-30a-102/
446,https://www.360blue.com/rentals/properties/watercolor-1340-western-lake-drive/
447,https://www.360blue.com/rentals/properties/watercolor-50-crossvine-circle/
448,https://www.360blue.com/rentals/properties/blue-mountain-4463-w-county-highway-30a-unit-201/
449,https://www.360blue.com/rentals/properties/watercolor-1777-e-county-hwy-30a-unit-202/
450,https://www.360blue.com/rentals/properties/watersound-45-tidal-bridge-way/
451,https://www.360blue.com/rentals/properties/miramar-beach-liahona-13-port-court/
452,https://www.360blue.com/rentals/properties/rosemary-beach-115-rosemary-avenue/
453,https://www.360blue.com/rentals/properties/watersound-west-10-blue-moon-lane/
454,https://www.360blue.com/rentals/properties/grayton-beach-all-decked-out-64-hotz-avenue/
455,https://www.360blue.com/rentals/properties/watercolor-782-western-lake-drive/
456,https://www.360blue.com/rentals/properties/blue-mtn-adagio-unit-c-102-2421-w-hwy-30a/
457,https://www.360blue.com/rentals/properties/watersound-77-shore-bridge-circle/
458,https://www.360blue.com/rentals/properties/grayton-beach-a-wave-from-it-all-80-hotz-avenue/
459,https://www.360blue.com/rentals/properties/watersound-crossings-a-107-429-bridge-lane/
460,https://www.360blue.com/rentals/properties/watersound-crossings-c-317-100-s-bridge-lane/
461,https://www.360blue.com/rentals/properties/watersound-260-salt-box-lane/
462,https://www.360blue.com/rentals/properties/watersound-11-compass-point-way/
463,https://www.360blue.com/rentals/properties/watercolor-128-wiregrass-way/
464,https://www.360blue.com/rentals/properties/watercolor-1325-western-lake-drive/
465,https://www.360blue.com/rentals/properties/watercolor-graytful-95-spartina-circle/
466,https://www.360blue.com/rentals/properties/watercolor-attitude-adjustment-45-watercolor-blvd-w-103/
467,https://www.360blue.com/rentals/properties/watercolor-1701-e-county-hwy-30a-305/
468,https://www.360blue.com/rentals/properties/miramar-beach-chasing-waves-259-open-gulf-street/
469,https://www.360blue.com/rentals/properties/watercolor-1640-e-county-hwy-30a-301/
470,https://www.360blue.com/rentals/properties/watercolor-11-mist-flower/
471,https://www.360blue.com/rentals/properties/watercolor-98-pine-needle-way/
472,https://www.360blue.com/rentals/properties/villa-coyaba-201-3016-scenic-highway-98/
473,https://www.360blue.com/rentals/properties/watersound-99-compass-point-way-s-208/
474,https://www.360blue.com/rentals/properties/watercolor-118-silver-laurel/
475,https://www.360blue.com/rentals/properties/seagrove-tiger-thyme-233-thyme-street/
476,https://www.360blue.com/rentals/properties/watercolor-my-happy-place-250-needlerush-drive/
477,https://www.360blue.com/rentals/properties/watercolor-20-blazing-star/
478,https://www.360blue.com/rentals/properties/watercolor-44-spartina-circle/
479,https://www.360blue.com/rentals/properties/watersound-238-salt-box-lane/
480,https://www.360blue.com/rentals/properties/blue-mountain-10-n-spooky-lane/
481,https://www.360blue.com/rentals/properties/dune-allen-days-like-this-68-baird-road/
482,https://www.360blue.com/rentals/properties/rosemary-beach-barrett-loft-34-n-barrett-square-unit-3c/
483,https://www.360blue.com/rentals/properties/watersound-21-founders-court/
484,https://www.360blue.com/rentals/properties/grayton-beach-grayt-reflections-44-white-sands-unit-a/
485,https://www.360blue.com/rentals/properties/watersound-99-compass-point-way-s-305/
486,https://www.360blue.com/rentals/properties/watercolor-152-pond-cypress-way/
487,https://www.360blue.com/rentals/properties/watersound-360-view-29-compass-point-way-north/
488,https://www.360blue.com/rentals/properties/miramar-beach-gulf-splendor-ii-251-open-gulf-street/
489,https://www.360blue.com/rentals/properties/watersound-3-bunch-palms-22-creek-bridge-lane/
490,https://www.360blue.com/rentals/properties/watercolor-128-mystic-cobalt/
491,https://www.360blue.com/rentals/properties/watercolor-11-watercolor-blvd-w-302/
492,https://www.360blue.com/rentals/properties/watersound-104-s-watch-tower/
493,https://www.360blue.com/rentals/properties/seagrove-33-dunes-estates/
494,https://www.360blue.com/rentals/properties/royal-breeze-313-e-royal-fern/
495,https://www.360blue.com/rentals/properties/watercolor-27-watercolor-blvd-w-102/
496,https://www.360blue.com/rentals/properties/seacrest-beach-happy-house-8034-e-county-hwy-30a/
497,https://www.360blue.com/rentals/properties/seagrove-st-charles-45-camellia-street/
498,https://www.360blue.com/rentals/properties/rosemary-beach-33-atticus-lane/
499,https://www.360blue.com/rentals/properties/grayton-beach-grayt-hideaway-210-grayton-trails-road/
500,https://www.360blue.com/rentals/properties/villa-coyaba-401-3016-scenic-highway-98/
501,https://www.360blue.com/rentals/properties/villa-coyaba-305-3016-scenic-highway-98/
502,https://www.360blue.com/rentals/properties/watercolor-lingerlonger-11-acorn-way/
503,https://www.360blue.com/rentals/properties/watercolor-140-flatwood-street/
504,https://www.360blue.com/rentals/properties/watercolor-230-needlerush-drive/
505,https://www.360blue.com/rentals/properties/watercolor-222-spartina-circle/
506,https://www.360blue.com/rentals/properties/watersound-409-coopersmith-lane/
507,https://www.360blue.com/rentals/properties/grayton-beach-bella-waves-60-hotz-avenue/
508,https://www.360blue.com/rentals/properties/destin-3890-sandprint-drive/
509,https://www.360blue.com/rentals/properties/watercolor-198-bluejack-street/
510,https://www.360blue.com/rentals/properties/watercolor-133-silver-laurel-way/
511,https://www.360blue.com/rentals/properties/watersound-220-salt-box-lane/
512,https://www.360blue.com/rentals/properties/watercolor-51-mistflower-lane/
513,https://www.360blue.com/rentals/properties/watercolor-72-buttercup-street/
514,https://www.360blue.com/rentals/properties/watercolor-63-sand-hill-circle/
515,https://www.360blue.com/rentals/properties/watercolor-209-wisteria-way/
516,https://www.360blue.com/rentals/properties/seagrove-3880-e-co-hwy-30a-401/
517,https://www.360blue.com/rentals/properties/watercolor-1407-western-lake-drive/
518,https://www.360blue.com/rentals/properties/blue-mountain-beach-blue-tide-16-sandcastle-court/
519,https://www.360blue.com/rentals/properties/watersound-215-salt-box-lane/
520,https://www.360blue.com/rentals/properties/seagrove-156-chivas-lane-east-unit/
521,https://www.360blue.com/rentals/properties/watercolor-1660-county-hwy-30-a-unit-102/
522,https://www.360blue.com/rentals/properties/seaside-621-forest-street/
523,https://www.360blue.com/rentals/properties/watercolor-147-scrub-oak-circle/
524,https://www.360blue.com/rentals/properties/watercolor-20-goldenrod-circle-201/
525,https://www.360blue.com/rentals/properties/seagrove-live-oak-60-live-oak-st/
526,https://www.360blue.com/rentals/properties/seagrove-beach-81-chivas-lane/
527,https://www.360blue.com/rentals/properties/watercolor-cinnamons-retreat-33-wisteria-way/
528,https://www.360blue.com/rentals/properties/seagrove-beach-absolutely-2890-e-co-hwy-30a/
529,https://www.360blue.com/rentals/properties/watercolor-135-buttercup-street/
530,https://www.360blue.com/rentals/properties/watersound-compass-point-i-205-99-compass-point-way-s/
531,https://www.360blue.com/rentals/properties/watercolor-southern-door-142-cove-hollow-street/
532,https://www.360blue.com/rentals/properties/blue-mtn-adagio-unit-b-405-2421-w-hwy-30a/
533,https://www.360blue.com/rentals/properties/watercolor-276-pine-needle-way/
534,https://www.360blue.com/rentals/properties/watercolor-3-sisters-on-the-beach-93-park-row-lane/
535,https://www.360blue.com/rentals/properties/watercolor-sea-la-vie-28-watercolor-blvd-e-201/
536,https://www.360blue.com/rentals/properties/watercolor-blue-haven-cottage-88-spartina-circle/
537,https://www.360blue.com/rentals/properties/watersound-crossings-a-102-429-bridge-lane/
538,https://www.360blue.com/rentals/properties/watersound-compass-point-ii-106-37-compass-pt-way/
539,https://www.360blue.com/rentals/properties/villa-coyaba-108-3016-scenic-highway-98/
540,https://www.360blue.com/rentals/properties/watercolor-1735-e-county-hwy-30a-305/
541,https://www.360blue.com/rentals/properties/watersound-261-salt-box-lane/
542,https://www.360blue.com/rentals/properties/watercolor-la-belle-maison-1235-western-lake-drive/
543,https://www.360blue.com/rentals/properties/watercolor-sea-breeze-9-lyonia-lane/
544,https://www.360blue.com/rentals/properties/seagrove-3527-east-county-highway-30a/
545,https://www.360blue.com/rentals/properties/watercolor-beachside-17-1848-e-co-hwy-30a/
546,https://www.360blue.com/rentals/properties/seagrove-beach-villa-sienna-430-beachfront-trail/
547,https://www.360blue.com/rentals/properties/watercolor-12-thicket-circle/
548,https://www.360blue.com/rentals/properties/watercolor-crude-intentions-265-western-lake-dr/
549,https://www.360blue.com/rentals/properties/watersound-crossings-c-111-100-south-bridge-lane/
550,https://www.360blue.com/rentals/properties/watercolor-4-watercolor-blvd-s-201/
551,https://www.360blue.com/rentals/properties/watersound-151-coopersmith-lane/
552,https://www.360blue.com/rentals/properties/watercolor-82-vermillion-way/
553,https://www.360blue.com/rentals/properties/rosemary-mercado-4a-82-s-barrett-sq/
554,https://www.360blue.com/rentals/properties/seagrove-mischivas-mermaid-172-east-chivas-lane/
555,https://www.360blue.com/rentals/properties/seagrove-life-is-golden-47-seapointe-lane/
556,https://www.360blue.com/rentals/properties/blue-mtn-adagio-unit-a-402-2421-w-hwy-30a/
557,https://www.360blue.com/rentals/properties/seaside-old-natchez-compound-147-grayton-street/
