,Name
0,WaterColor 447 East Royal Fern
1,"Watercolor ""Blue Crush"" 48 Tall Timber Court | Santa Rosa Beach Vacation Rental"
2,WaterSound 87 Salt Box Lane
3,WaterSound West 14 Planters Moon Court
4,"Seagrove ""Pura Vida"" 167 San Roy Rd"
5,"WaterSound ""SeaShell Cottage"" 247 Salt Box Lane"
6,"Seagrove ""Coast is Clear"" 35 Camellia Street | Santa Rosa Beach Vacation Rental"
7,"WaterColor ""Camp Mermaid"" 106 Spartina Circle"
8,Blue Mtn. Adagio Unit B-304 - 2421 W. Hwy 30A
9,"WaterColor ""Fleur de Sea"" 1785 E. County Hwy 30A #102"
10,Seacrest Beach -  WaterHouse 204 - 8377 E. County Highway 30A | Seacrest Beach Vacation Rental
11,WaterSound Crossings B-421 - 100 S Bridge Lane
12,WaterColor 70 Red Cedar Way
13,WaterColor 7 Sand Hill Circle
14,WaterSound Crossings B-103 - 100 S Bridge Lane
15,WaterColor 59 Mystic Cobalt Street
16,WaterSound 65 Salt Box Lane
17,"Watercolor ""Isle Be Back"" 151 Mystic Cobalt"
18,"Seacrest Beach ""Rosecrest"" 259 Lifeguard Loop East"
19,"Blue Mountain Beach ""The Point"" 530 Blue Mountain Road"
20,"WaterColor ""Casa de Buttercup"" 120 Buttercup Street"
21,"Miramar Beach ""Chances R"" 41 Payne Street"
22,WaterColor 1785 E. County Hwy 30A #301
23,WaterColor 287 Pine Needle Way
24,WaterSound 99 Compass Point Way S #304
25,WaterColor 27 Red Cedar Way
26,WaterSound Crossings A-320 - 429 Bridge Lane
27,"Seagrove ""Winged Mermaid"" 273 Montgomery St | Santa Rosa Beach Vacation Rental"
28,"Watersound ""At the Waters Edge"" 337 Bridge Lane S B101"
29,Watersound Crossings C-428 100 S Bridge Lane
30,Rosemary Beach 2 Spanish Town Court
31,WaterColor 78 Bluejack Street
32,WaterColor 92 Needlerush Drive
33,WaterColor 1680 E. County Hwy 30A #103
34,"Watersound ""My Blue Cottage"" 253 Salt Box Lane"
35,WaterColor 1735 E. County Hwy 30A #205
36,WaterSound 231 Salt Box Lane
37,WaterColor 175 Sand Hill Circle
38,Watersound Crossings C-102 - 100 S Bridge Lane
39,WaterColor 69 Running Oak Circle
40,Villa Coyaba 307 - 3016 Scenic Highway 98
41,WaterColor 415 West Lake Forest Drive
42,"Blue Mountain Beach ""Sea-Esta"" 391 Blue Mountain Road | Santa Rosa Beach Vacation Rental"
43,Watercolor 65 Spartina Circle | Santa Rosa Beach Vacation Rental
44,"Seaside ""Old Natchez Main House"" 147 Grayton Street"
45,"WaterColor ""Sea Salt"" 137 Scrub Oak Circle"
46,WaterSound 10 Compass Point Way
47,"Seacrest Beach ""The Lakehouse on 30A"" 7588 E. County Hwy 30A"
48,WaterColor 46 Watercolor Blvd E #104
49,"Seaside ""The Sweet Escape"" 45 Central Square, Penthouse B"
50,"Seacrest Beach ""Fantasea"" 21 Sandal Lane"
51,WaterColor 104 Buttercup Street
52,"Destin ""Leave of Absence"" 4817 Ocean Boulevard"
53,"Panama City Beach ""Emerald Coast Sunset"" 22343 Front Beach Road"
54,"Seagrove ""Shore to Have Fun"" 25 Kristi Lane"
55,"Grayton Beach ""Grayt Reflections"" 44 White Sands Unit B | Santa Rosa Beach Vacation Rental"
56,Rosemary Beach 34 N Barrett Square #2E
57,"Destin ""Beach House on the Moon"" 91 Shirah Street"
58,"Dune Allen ""Sea Glass"" 128 Bullard Road"
59,"Rosemary Beach ""Pura Vida"" 174 Round Road Main House"
60,"WaterColor ""Vermillionaire"" 46 Vermillion Way"
61,"WaterColor ""Good Times"" 90 Silver Laurel Way"
62,WaterColor 22 Wiregrass Way
63,WaterSound Crossings A-104 - 429 Bridge Lane
64,Seagrove 139 Brown Street
65,WaterColor 27 Lyonia Lane
66,Villa Coyaba 406 - 3016 Scenic Highway 98
67,"WaterSound Compass Point II-103 ""Watersound Bliss"""
68,"WaterSound ""Cape Cottage"" 230 Salt Box Lane"
69,"WaterColor ""The Spindrift House"" 76 Tall Timber"
70,"Seacrest Beach ""Three Little Birds"" 30 Barefoot Lane | Seacrest Beach Vacation Rental"
71,"WaterColor ""Beach Walk"" 114 Buttercup Street"
72,"WaterColor ""Beachside #19"" 1848 E. Co. Hwy 30A"
73,WaterColor 81 Needlerush Drive
74,"Destin ""Costa Cabana"" 320 Gulf Shore Drive"
75,WaterSound Crossings B-109 - 100 S Bridge Lane
76,WaterColor 69 Pine Needle Way
77,"Watercolor ""Seven Saturdays"" 24 Pine Needle | Watercolor Vacation Rental"
78,"WaterColor ""YOLO"" 800 Western Lake | Santa Rosa Beach Vacation Rental"
79,"WaterColor ""Southside Serenity"" 1680 E County Hwy 30A #102"
80,"Miramar Beach ""H2O"" 15 Lake Court"
81,WaterColor 46 Watercolor Blvd E #102
82,"Seacrest Beach Villas At Sunset Beach C202 ""KYMA"" | Seacrest Vacation Rental"
83,"Seaside ""Sisters Three By The Sea"" 2056 E County Highway 30A"
84,Seagrove “Endless View” 74 Majestica Circle
85,Watersound Crossings A-428 100 S Bridge Lane
86,WaterSound 5 Signal Court
87,Seacrest Beach Monterey Condominium Unit B101
88,WaterSound West 20 Quarter Moon Lane
89,WaterColor 1942 E County Hwy 30A | Santa Rosa Beach Vacation Rental
90,Villa Coyaba 407 - 3016 Scenic Highway 98
91,"WaterColor ""Wispy Waters"" 73 Western Lake Drive"
92,"Watercolor ""30CLAY"" 1303 Western Lake Drive"
93,WaterColor 20 Goldenrod Circle #302
94,"Rosemary Beach ""Pura Vida"" 174 Round Road Carriage House"
95,"WaterColor ""Changes in Altitude"" 80 Spartina Circle"
96,WaterColor 102 Red Cedar Way
97,"Miramar Beach ""Mediterranea Penthouse"" 50 Surf Song Ln Unit C507 | Miramar Beach Vacation Rental"
98,"Rosemary Beach ""Sandy Dreams"" 35 Wiggle Lane"
99,Watercolor 128 Silver Laurel Way | Santa Rosa Beach Vacation Rental
100,"WaterColor ""Villa Princessa"" 43 Spartina Circle"
101,"WaterColor ""Bluegrass Bliss"" 18 Crossvine Circle"
102,WaterColor 10 WaterColor Blvd. E #102
103,WaterColor 113 Pond Cypress Way | Santa Rosa Beach Vacation Rental
104,WaterSound Crossings B-312 - 100 S Bridge Lane
105,"Destin ""SeaWatch"" 2841 Scenic HWY 98 | Destin Vacation Rental"
106,WaterColor 114 Pine Needle | Santa Rosa Beach Vacation Rental
107,"Seacrest Beach ""Mama K's"" 56 Sand Flea Drive | Seacrest Beach Vacation Rental"
108,"Seacrest Beach ""Ocean View Oasis"" 44 Sandy Shores Drive"
109,"Seagrove ""Chivallionare"" 138 Chivas Lane"
110,WaterColor 143 Dandelion Drive
111,WaterSound 17 North Shingle Way
112,"Miramar Beach ""Casa Grande"" 747 Scenic Gulf Drive | Miramar Beach Vacation Rental"
113,"Seagrove ""Thyme to Unwind"" 59 Thyme Street"
114,"Inlet Beach ""Shuffle By The Sea"" 76 N Winston Lane | Inlet Beach Vacation Rental"
115,WaterColor 105 Park Row Lane
116,"Seacrest Beach ""Villa Bon Secour"" 426 Pelican Circle | Seacrest Beach Vacation Rental"
117,"WaterColor ""Second Sandbar"" 1946 E. County Hwy 30A"
118,"Seagrove ""Beach Please"" 327 Eastern Lake Road"
119,WaterColor 328 Red Cedar Way
120,"Seacrest Beach ""Sunny Shores"" 29 Beachcomber Lane | Seacrest Beach Vacation Rental"
121,Watercolor 360 Red Cedar
122,WaterColor 33 Bluestem Street
123,WaterSound 273 Salt Box Lane
124,WaterColor 192 Royal Fern Way | Santa Rosa Beach Vacation Rental
125,"Seagrove ""Beach Clarefication"" Legacy, 3880 ECounty Hwy 30A #402 | Santa Rosa Beach Vacation Rental"
126,Villa Coyaba 403 - 3016 Scenic Highway 98
127,Rosemary Beach 171 E Kingston Road
128,"WaterColor ""All Decked Out"" 425 West Lake Forest | Santa Rosa Beach Vacation Rental"
129,"WaterSound ""Rose Hall"" 11 Compass Rose Way"
130,"Rosemary Beach ""Singin' In The Sun"" 27 St Augustine Unit 27B | Rosemary Beach Vacation Rental"
131,"Destin ""Hasta La Vista"" 71 Vista Bluffs"
132,"Miramar Beach ""Las Puerto"" 1875 Scenic Gulf Drive | Miramar Beach Vacation Rental"
133,WaterColor 114 Sunset Ridge Lane
134,"WaterColor ""Southern Comfort"" 178 Spartina Circle"
135,"WaterColor ""Sunflower Cottage"" 848 Western Lake Drive"
136,"WaterColor ""Sunset Park"" 28 Sunset Ridge Lane"
137,"WaterColor ""Happy Place"" 6 WaterColor Blvd S #204"
138,Seagrove Beach 425 Beachfront Trail | Santa Rosa Beach Vacation Rental
139,"Watercolor ""CampHouse"" 34 Viridian Park"
140,WaterColor 90 Scrub Oak Circle
141,Rosemary Beach 46 N Barrett Square The Georgetown #303
142,"Watercolor ""Blue Honey"" 372 Red Cedar Way"
143,"Dune Allen “Paradise at Dune Allen"" 5664 West County Highway 30A"
144,WaterSound 25 N Founders Lane | WaterSound Vacation Rental
145,"WaterColor ""Sunny Lane"" 282 Spartina Circle"
146,"Seacrest Beach ""Beauty and the Beach"" 11 Trigger Trail East"
147,WaterColor 37 Winterberry Circle | Santa Rosa Beach Vacation Rental
148,"WaterSound ""Seaglass"" 152 E. Yacht Pond Lane"
149,"Miramar Beach ""Gulf Splendor I"" 253 Open Gulf Street | Miramar Beach Vacation Rental"
150,"Rosemary Beach ""Playa Azul"" 119 Wiggle Lane | Rosemary Beach Vacation Rental"
151,WaterColor 45 WaterColor Blvd #101 | Santa Rosa Beach Vacation Rental
152,"Miramar Beach ""Gulf Splendor"" 253 Open Gulf Street | Miramar Beach Vacation Rental"
153,WaterSound Crossings B-107 - 100 S Bridge Lane
154,"Seagrove ""Crabb Shack"" 162 Chivas Lane | Santa Rosa Beach Vacation Rental"
155,WaterColor 28 WaterColor Blvd. E #101
156,"Watercolor ""Happy Place"" 370 Spartina Circle"
157,"Seacrest Beach ""Sealah"" 150 Geoff Wilder Lane"
158,WaterColor 65 Wisteria Way
159,"Miramar Beach ""Miramar Paradise"" 916 Scenic Gulf Drive | Miramar Beach Vacation Rental"
160,"Watercolor ""Family Thyme"" 1295 Western Lake Drive | Santa Rosa Beach Vacation Rental"
161,Watercolor 434 Western Lake Drive | Santa Rosa Beach Vacation Rental
162,WaterColor 21 Royal Fern Way
163,"Dune Allen “Paradise at Hilltop"" 44 Hilltop Drive"
164,"Seagrove ""Sea La Vie"" 28 Dalton Drive"
165,"WaterColor ""Fla-Mingo"" 45 Watercolor Blvd W #104"
166,"Blue Mountain Costa Blanca 30A, Unit 102"
167,WaterColor 54 Thicket Circle | Santa Rosa Beach Vacation Rental
168,WaterColor 101 Wisteria Way
169,WaterColor 1362 Western Lake Drive
170,WaterColor 28 Red Cedar Way
171,WaterColor 136 Silver Laurel Way | Santa Rosa Beach Vacation Rental
172,"WaterColor ""Heavenly Days"" 1650 E. County Hwy 30A #302"
173,Inlet Beach 80 Pinecrest Circle
174,Grayton Beach 148 Gulf Shore Drive
175,Grayton Beach “Grayton Groove” 428 Defuniak Street
176,Watercolor 685 Western Lake Drive | Santa Rosa Beach Vacation Rental
177,"WaterColor ""Beach Haven"" 604 Western Lake Drive"
178,"Seagrove ""Our Happy Place"" 177 San Roy Rd"
179,"Destin ""Amazing View"" 1900 Scenic 98 #702 | Destin Vacation Rental"
180,"Seacrest Beach ""Bike Wreck Annie's"" 73 Lifeguard Loop East"
181,WaterColor 26 Mist Flower Lane
182,"WaterColor ""The Life of Reilly"" 41 Muhly Circle"
183,WaterColor 150 Cove Hollow Street
184,"Destin ""Caribbean Cabana"" 4719 Ocean Boulevard | Destin Vacation Rental"
185,WaterColor 1349 Western Lake Drive
186,"Dune Allen ""Heavenly View"" 6192 West County HWY 30A"
187,WaterColor 146 Bluejack Street
188,Watercolor 68 Pine Needle Way
189,WaterSound Crossings C-107 - 100 S Bridge Lane
190,"Miramar Beach ""Beachfront Bliss"" 219 Open Gulf Street"
191,WaterColor 70 Sunset Ridge Lane
192,WaterColor 1650 E. County Hwy 30A #301
193,WaterColor 1777 E. County Hwy 30A #201
194,WaterColor 36 Lyonia Lane
195,"Watercolor ""Breath of Fresh Air"" 214 Spartina Circle | Santa Rosa Beach Vacation Rental"
196,"WaterColor ""A Family Place"" 198 Needlerush Drive"
197,"WaterColor ""Beachside #4"" 1848 E. Co. Hwy 30A"
198,"Destin ""5 O'Clock Somewhere"" 2809 Scenic HWY 98"
199,"Inlet Beach ""Rolling Dunes Cottage"" 92 N Winston Lane"
200,WaterSound 71 S Watch Tower Lane
201,"WaterSound ""Blueberry Hill"" 17 Compass Point Way"
202,"Rosemary Beach ""Savannah Loft"" 5 Main Street Unit 1C"
203,WaterSound 47 Salt Box Lane
204,Villa Coyaba 207 - 3016 Scenic Highway 98
205,"Seacrest Beach ""Paradise Palms"" 21 Beachcomber Lane"
206,WaterColor 11 WaterColor Blvd. W #101
207,"Destin ""Stars on the Water"" 89 Shirah Street"
208,"WaterColor ""Heart's Desire"" 467 East Royal Fern | Santa Rosa Beach Vacation Rental"
209,Seacrest Beach Villas at Sunset Beach B101
210,Blue Mtn. Adagio Unit C-405 - 2421 W. Hwy 30A
211,"Miramar Beach ""Forever House"" 30 Starboard Court"
212,WaterColor 188 Spartina Circle
213,Seagrove Beach 119 Dune Estates Blvd
214,"WaterColor ""A Week of Sun Days"" 40 Tall Timber"
215,WaterSound 210 Coopersmith Lane
216,WaterSound 11 S. Lake Bridge Lane
217,"WaterColor ""The Blue Belle"" 32 Bluestem Lane | Santa Rosa Beach Vacation Rental"
218,"Destin ""Trip Around The Sun"" 53 Sunfish Street | Destin Vacation Rental"
219,"WaterSound Crossings C-426 ""Indescribable"" - 100 S Bridge Lane"
220,"WaterColor ""Seacolor"" 838 Western Lake Drive"
221,"Destin ""A Shore Thing"" 55 Sunfish Street | Destin Vacation Rental"
222,"WaterColor ""Beachfront #21"" 1848 E. Co. Hwy 30A"
223,"Seagrove ""La Piscina"" 35 Hinton Drive"
224,"Seacrest Beach ""Array of Sunshine"" 80 Blue Crab Loop | Seacrest Beach Vacation Rental"
225,WaterSound 99 Compass Point Way S #301
226,WaterColor 164 Needlerush Drive
227,"WaterColor ""Louisiana Purchase"" 95 Dandelion Drive"
228,WaterColor 55 Wisteria Way
229,WaterColor 11 Bluejack Street
230,WaterSound 232 E. Yacht Pond Lane
231,"Seacrest Beach ""Inn Seaclusion"" 183 Geoff Wilder Lane"
232,"Miramar Beach ""Wintertide"" 94 Miami Street | Miramar Beach Vacation Rental"
233,WaterColor 117 Silver Laurel Way
234,WaterSound Compass Point II - 107 - 37 South Compass Point Way | Watersound Vacation Rental
235,WaterSound 281 Salt Box Lane
236,"Seacrest Beach ""Sea Pearl"" 73 Flip Flop Lane | Seacrest Beach Vacation Rental"
237,WaterColor #10 Unit 301 - 10 WaterColor Blvd E Unit 301
238,Watercolor 13 Lake District Lane | Santa Rosa Beach Vacation Rental
239,"WaterColor ""Quinnessential Cottage"" 22 Winterberry Circle"
240,WaterColor 30 WaterColor Boulevard Unit 201
241,WaterSound 265 Salt Box Lane | WaterSound Vacation Rental
242,WaterSound Crossings C-110 - 100 S Bridge Lane
243,"WaterSound ""Bella Vista"" 81 South Watch Tower"
244,"Seagrove ""Time Well Spent"" 109 Santa Clara Street | Santa Rosa Beach Vacation Rental"
245,"Rosemary Beach ""Happy Days"" 235 Wiggle Lane"
246,"Seacrest Beach ""Sandy Dreams"" 91 Lifeguard Loop West | Seacrest Beach Vacation Rental"
247,Watercolor 1261 Western Lake Drive
248,WaterColor 12 Viridian Park Drive
249,"WaterColor ""Crystal Sands"" 128 Needlerush Drive"
250,Blue Mountain Bella Vita Unit B405
251,"Seacrest Beach ""On The Beach"" 8028 E County Hwy 30A | Seacrest Vacation Rental"
252,"Seacrest Beach ""Pool Envy"" 170 Seacrest Beach Boulevard East | Seacrest Beach Vacation Rental"
253,"WaterSound ""Time of Your Life"" 86 Compass Point Way"
254,"WaterColor ""Slow Poke"" 157 Winterberry Circle"
255,WaterColor 736 Western Lake Drive
256,WaterColor 12 Pine Lily Circle
257,"Watercolor ""Grace by the Sea"" 344 Red Cedar Way | Santa Rosa Beach Vacation Rental"
258,"Destin ""Alluring Seas"" 108 Sandprint"
259,Villa Coyaba 402 - 3016 Scenic Highway 98
260,WaterSound Crossings C-112 - 100 S Bridge Lane
261,WaterSound 28 Shingle Lane
262,"WaterColor ""Mari-Lee by the Sea"" 10 WaterColor Blvd #302"
263,WaterSound 83 West Salt Box Lane
264,"Dune Allen ""Santa Rosa One"" 5055 West County Hwy 30A Unit 1029"
265,Villa Coyaba 206 - 3016 Scenic Highway 98
266,"Seacrest Beach ""A Good Distraction"" 99 Cobia Run West"
267,"Seacrest Beach ""Shiplap House"" 41 Tranquil Way | Seacrest Beach Vacation Rental"
268,WaterSound Crossings A-105 - 429 Bridge Lane
269,"WaterColor ""Just Dream"" 29 Wisteria Way"
270,"WaterColor ""Resting Beach Space"" 121 Winterberry Circle"
271,WaterColor 152 Red Cedar Way
272,WaterColor 163 Pond Cypress Way
273,WaterSound 72 Yacht Pond
274,WaterColor 288 Western Lake Drive
275,WaterColor 1701 E. County Hwy 30A #302
276,"Rosemary Beach ""Coquina Cottage"" 28 N Cartagena Lane | Rosemary Beach Vacation Rental"
277,WaterSound 99 Compass Point Way S #203
278,"WaterColor ""Sea Haven"" 55 Running Oak Circle"
279,WaterColor 384 Red Cedar Way
280,WaterColor 1735 E. County Hwy 30A #303
281,WaterColor 93 Vermillion Way
282,WaterColor 30 Watercolor Blvd N #202
283,"Rosemary Beach ""Room with a View"" 19 N Briland Lane | Rosemary Beach Vacation Rental"
284,WaterSound Crossings C-321 - 100 S Bridge Lane
285,WaterColor 36 Inkberry Street
286,WaterColor 290 Cove Hollow
287,"WaterColor ""Sea'n Is Believ'en"" 153 Silver Laurel Way"
288,"WaterSound ""Bunny's Cottage"" 225 Salt Box Lane"
289,"WaterSound ""Summer Fever"" 22 Founders Court"
290,WaterSound 99 Compass Point Way S #202
291,"Rosemary Beach ""Pura Vida"" 174 Round Road | Rosemary Beach Vacation Rental"
292,"WaterSound ""Cape Escape"" 29 Salt Box Lane West"
293,"WaterSound ""Here comes the Sun"" 125 Coopersmith Lane"
294,"Destin ""Le Sable Chateau"" 120 Sandprint Circle"
295,WaterSound 290 Salt Box Lane
296,"Rosemary Beach ""La Bella Vita"" 123 E Long Green Road | Rosemary Beach Vacation Rental"
297,WaterSound 287 Salt Box Lane
298,"Rosemary Beach ""Dot's Beach Retreat"" 34 N Barrett Square Unit 3A | Rosemary Beach Vacation Rental"
299,"WaterColor ""Ken's Cottage"" 221 Lake Forest Drive"
300,"Destin ""Ocean Paradise"" 1900 Scenic 98 #902"
301,WaterColor 64 Vermilion Way
302,WaterSound 99 Compass Point Way S #207
303,"Seagrove ""Sarayu"" 187 San Roy Rd | Santa Rosa Beach Vacation Rental"
304,"WaterColor ""The Way We Like It"" 433 Pine Needle Way"
305,WaterSound Crossings B-422 - 337 Bridge Lane
306,Grace Point “Grace by the Sea” 12 Patience Lane
307,"Blue Mountain Beach ""Savasana"" 122 Sand Dunes"
308,"Blue Mountain Beach ""Just One More"" 16 N Spooky Lane"
309,"Seagrove Beach ""Falling Waters Villa"" 440 Beachfront Trail"
310,WaterColor 155 Bluejack Street
311,WaterColor 10 Lyonia Lane
312,"Blue Mountain Costa Blanca 30A, Unit 300"
313,"Miramar Beach ""Vitamin Sea"" 18 Spyglass Drive"
314,"WaterSound ""You Are My Sunshine"" 242 E. Yacht Pond Lane"
315,Blue Mtn. Adagio Unit B-103 - 2421 W. Hwy 30A
316,WaterColor 28 Beachberry Lane
317,"Grayton Beach ""Seas the Day"" 524 Defuniak Street"
318,Villa Coyaba 104 - 3016 Scenic Highway 98
319,WaterColor 1785 E. County Hwy 30A #101
320,"WaterColor ""Believing For"" 47 Royal Fern Way"
321,Miramar Beach 138 Beach Drive West | Miramar Beach Vacation Rental
322,"WaterSound ""The Salty Deer"" 85 S Founders Lane"
323,WaterSound West 193 Anchor Rode Circle
324,WaterSound 23 Shore Bridge Circle
325,"Blue Mountain Beach ""Mint to Be"" 110 Gulf Point | Santa Rosa Beach Vacation Rental"
326,"Destin ""Oysters and Pearls"" 87 Shirah Street | Destin Vacation Rental"
327,"Destin ""The Emerald Pearl"" 93 Stingray Street | Destin Vacation Rental"
328,WaterColor 75 Wisteria Way
329,"Watercolor ""Safe Harbor"" 47 Red Cedar Way"
330,WaterColor 241 Red Cedar Way
331,"Seaside ""Oak Creek Annie’s and High Rustler"" 147 Grayton Street"
332,"Blue Mountain Beach ""Salty Maria's"" 19 Mary Street | Santa Rosa Beach Vacation Rental"
333,"Grayton Beach ""Fair Dinkum"" 157 Savelle Drive"
334,WaterColor 166 Sandy Creek Dr
335,"Watercolor ""IdleHour"" 1680 County HWY 30A Unit 301"
336,"Seagrove Beach ""Seahighland"" 3073 East County Hwy 30A"
337,"Rosemary Flats 2F ""Coco Pucci"" 104 North Barrett Square"
338,WaterSound West 25 Full Moon Lane
339,WaterColor 36 Mist Flower
340,WaterSound West Beach 46 Tumblehome Way
341,WaterColor 650 East Royal Fern | Santa Rosa Beach Vacation Rental
342,"WaterColor ""Beachside #3"" 1848 E. Co. Hwy 30A"
343,WaterColor 174 Needlerush Drive
344,"Watercolor ""Paradise Found"" 43 Silk Grass | Santa Rosa Beach Vacation Rental"
345,WaterColor 662 Western Lake Drive
346,"Seaside ""Here Comes the Sun"" 2036 E Hwy 30A"
347,Watercolor 167 Dandelion Drive
348,WaterSound 97 S Founders Lane
349,"Watersound ""Founders Keepers"" 50 North Founders Lane"
350,Seagrove Beach Viridian Unit 202 on 30A
351,WaterColor 57 Western Lake Drive
352,WaterColor 1640 E Co Hwy 30A #101 | Santa Rosa Beach Vacation Rental
353,WaterColor 478 East Royal Fern | Santa Rosa Beach Vacation Rental
354,"WaterColor ""Beach Barn"" 98 Mystic Cobalt"
355,Blue Mountain Beach 260 Old Beach Road
356,WaterColor 379 Spartina Circle
357,"WaterColor ""The Place To Be"" 1352 Western Lake Drive"
358,Miramar Beach “Paradise at Snowdrift” 151 Snowdrift Road
359,"Blue Mountain ""Family Traditions"" 3959 West County Highway 30A"
360,WaterColor 34 Crossvine Circle
361,"Destin ""Destin Pointe"" 53 Lands End Drive | Destin Vacation Rental"
362,"WaterColor ""Pelicans by the Sea"" 30 WaterColor Blvd North #301"
363,WaterColor 1322 Western Lake Drive
364,WaterColor 120 Flatwood Street
365,Seagrove 26 North Dothan Avenue | Santa Rosa Beach Vacation Rental
366,WaterColor 11 WaterColor Blvd. W #102
367,WaterColor 1275 Western Lake Drive
368,Watercolor 82 Mystic Cobalt
369,"Seacrest Beach ""Pura Vida"" 43 Trigger Trail East"
370,WaterSound Crossings B-102 - 100 S Bridge Lane
371,"WaterColor ""Beachside #6"" 1848 E. Co. Hwy 30A"
372,WaterColor 196 Red Cedar Way
373,Seacrest Beach Monterey Condominium Unit C301
374,"WaterColor ""A Coastal Indulgence"" 89 Running Oak Circle"
375,"Rosemary ""Parker's Place"" 34 N Barrett Sq #3E"
376,"Panama City Beach ""Emerald Coast Sunrise"" 22339 Front Beach Road"
377,WaterColor 11 WaterColor Blvd W #201
378,WaterColor 1785 E. County Hwy 30A #302
379,Watercolor 728 Western Lake Drive | Santa Rosa Beach Vacation Rental
380,WaterColor 54 Inkberry Street
381,"Inlet Beach ""Coast is Clear"" 392 Walton Rose Ln"
382,Villa Coyaba 301 - 3016 Scenic Highway 98
383,WaterSound 246 Salt Box Lane
384,"WaterColor ""Gather Together"" 164 Red Cedar Way | Santa Rosa Beach Vacation Rental"
385,"Watercolor ""Aah...the beach!"" 301 Western Lake Drive"
386,"Seaside ""My Three Sons"" 665 Forest Street"
387,"WaterColor ""Beechwood at the Beach"" 51 Park Row Ln | Santa Rosa Beach Vacation Rental"
388,WaterSound Crossings A-103 - 429 Bridge Lane
389,WaterSound Compass Point II-101 - 37 Compass Pt. Way
390,"Watercolor ""Changes in Attitude"" 124 Spartina Circle"
391,Blue Mtn. 60 Grande Beach Drive
392,Blue Mtn. Adagio Unit A-103 - 2421 W. Hwy 30A
393,WaterSound Crossings C-105 - 100 S Bridge Lane
394,"Seagrove ""Pinner House"" 2768 E County Highway 30A"
395,WaterColor 731 Western Lake Drive | Santa Rosa Beach Vacation Rental
396,"Watercolor ""Sunny Side Up"" 568 East Royal Fern Way"
397,WaterColor 29 Dandelion Drive
398,"WaterColor ""All In"" 39 Wisteria Way | Santa Rosa Beach Vacation Rental"
399,"WaterColor ""The Cottage on Scrub Oak"" 235 Scrub Oak Circle | Santa Rosa Beach Vacation Rental"
400,"Seacrest Beach ""Our Blue Beso"" 58 Cobia Run East"
401,WaterColor 66 Tall Timber Court
402,WaterColor 154 Silver Laurel Way
403,"WaterColor ""Rise & Shine"" 1660 E. County Hwy 30A #101"
404,"Miramar Beach ""Diamond Dunes"" 45 Beach Drive East"
405,"WaterColor ""Always Amazing"" 1227 Western Lake Drive"
406,"WaterColor ""The Preppy Mermaid"" 29 Red Basil"
407,"Seaside ""Blue View"" 2308 E Co Hwy 30A"
408,"Watercolor ""Libbysand"" 243 Pine Needle Way"
409,Rosemary Beach 143 West Water Street
410,WaterColor 33 Lyonia Lane
411,"Destin ""Aqua Tranquility"" 80 Tranquility Lane | Destin Vacation Rental"
412,WaterSound 17 Keel Court
413,"Grayton Beach ""Serenity By The Sea"" 98 Savelle Drive"
414,WaterColor 632 Western Lake Drive
415,WaterSound Crossings A-323 - 429 Bridge Lane
416,"WaterSound ""Summer Wind"" 40 Watch Tower Lane"
417,Seagrove 349 South Gulf Drive
418,"WaterColor ""The General"" 11 Viridian Park Drive"
419,"Destin ""Villa Blanco"" 627 Gulf Shore Drive | Destin Vacation Rental"
420,WaterColor 57 Buttercup Street
421,"Seacrest Beach ""Roll With It"" 7939 E County Hwy 30A | Seacrest Beach Vacation Rental"
422,"Watercolor ""Serenity Path"" 695 Western Lake Drive"
423,WaterColor 97 Running Oak
424,"WaterColor ""Mint Julep"" 378 Western Lake Drive"
425,Rosemary Mercado 3C - 82 S. Barrett Sq.
426,"Seagrove ""Thirty-One"" 31 on 30A, Unit 201"
427,WaterColor 131 Mystic Cobalt Street
428,"Blue Mountain Beach ""Latitude Adjustment"" 505 Old Beach Road | Santa Rosa Beach Vacation Rental"
429,WaterColor 99 Mystic Cobalt Street
430,Watercolor 79 Dandelion | Santa Rosa Beach Vacation Rental
431,"WaterColor ""Sun Salutation"" 694 Western Lake Drive"
432,"WaterColor ""Boathouse"" 746 Western Lake Drive"
433,Blue Mtn. 19 Sandcastle Court
434,Seagrove 3537 East County Highway 30A
435,"Watercolor ""Mia Bella"" 675 Western Lake Drive | Santa Rosa Beach Vacation Rental"
436,"Seagrove Beach ""Four Palms"" 499 Lakeview Drive"
437,Villa Coyaba 308 - 3016 Scenic Highway 98
438,Seagrove 502 Beachfront Trail | Santa Rosa Beach Vacation Rental
439,"Rosemary Beach ""Palmer Flat"" 108 Georgetown Ave Unit E"
440,WaterColor 350 Red Cedar Way
441,WaterSound 18 South Watch Tower Lane
442,WaterColor 121 Red Cedar Way
443,"Rosemary Beach ""Serenity Now"" 216 Round Road"
444,WaterSound 99 Compass Point Way S #405
445,WaterColor 1640 E. County Hwy 30A #102
446,Watercolor 1340 Western Lake Drive | Santa Rosa Beach Vacation Rental
447,WaterColor 50 Crossvine Circle | Santa Rosa Beach Vacation Rental
448,"Blue Mountain Costa Blanca 30A, Unit 201"
449,Watercolor 1777 E County Hwy 30A Unit 202 | Santa Rosa Beach Vacation Rental
450,WaterSound 45 Tidal Bridge Way
451,"Miramar Beach ""Liahona"" 13 Port Court"
452,Rosemary Beach 115 Rosemary Avenue
453,WaterSound West 10 Blue Moon Lane
454,"Grayton Beach ""All Decked Out"" 64 Hotz Avenue | Santa Rosa Beach Vacation Rental"
455,WaterColor 782 Western Lake Drive | Santa Rosa Beach Vacation Rental
456,Blue Mtn. Adagio Unit C-102 - 2421 W. Hwy 30A
457,WaterSound 77 Shore Bridge Circle | WaterSound Vacation Rental
458,"Grayton Beach ""A Wave From It All"" 80 Hotz Avenue | Santa Rosa Beach Vacation Rental"
459,Watersound Crossings A-107 - 429 Bridge Lane | WaterSound Vacation Rental
460,WaterSound Crossings C-317 - 100 S Bridge Lane
461,WaterSound 260 Salt Box Lane
462,Watersound 11 Compass Point Way
463,WaterColor 128 Wiregrass Way
464,WaterColor 1325 Western Lake Drive
465,"WaterColor ""Graytful"" 95 Spartina Circle"
466,"WaterColor ""Attitude Adjustment"" 45 Watercolor Blvd W #103"
467,WaterColor 1701 E. County Hwy 30A #305
468,"Miramar Beach ""Chasing Waves"" 259 Open Gulf Street"
469,WaterColor 1640 E. County Hwy 30A #301
470,WaterColor 11 Mist Flower
471,WaterColor 98 Pine Needle Way
472,Villa Coyaba 201 - 3016 Scenic Highway 98
473,WaterSound 99 Compass Point Way S #208
474,WaterColor 118 Silver Laurel | Santa Rosa Beach Vacation Rental
475,"Seagrove ""Tiger Thyme"" 233 Thyme Street | Santa Rosa Beach Vacation Rental"
476,"WaterColor ""My Happy Place"" 250 Needlerush Drive | Santa Rosa Beach Vacation Rental"
477,"WaterColor ""Hello Sunshine"" 20 Blazing Star"
478,Watercolor 44 Spartina Circle | Santa Rosa Beach Vacation Rental
479,WaterSound 238 Salt Box Lane
480,"Blue Mountain Beach ""Bewitching Dunes"" 10 N Spooky Lane"
481,"Dune Allen ""Days Like This"" 68 Baird Road"
482,"Rosemary Beach ""Barrett Loft"" 34 N Barrett Square Unit 3C"
483,"WaterSound ""Our Happy Place"" 21 Founders Court"
484,"Grayton Beach ""Grayt Reflections"" 44 White Sands Unit A | Santa Rosa Beach Vacation Rental"
485,WaterSound 99 Compass Point Way S #305
486,WaterColor 152 Pond Cypress Way
487,"WaterSound ""360 View"" 29 Compass Point Way North"
488,"Miramar Beach ""Gulf Splendor II"" 251 Open Gulf Street | Miramar Beach Vacation Rental"
489,"WaterSound ""3 Bunch Palms "" 22 Creek Bridge Lane"
490,WaterColor 128 Mystic Cobalt
491,"WaterColor ""Sea Hawk"" 11 WaterColor Blvd. W #302"
492,WaterSound 104 S Watch Tower
493,"Seagrove ""Searenity"" 33 Dunes Estates"
494,"Watercolor ""Royal Breeze"" 313 E Royal Fern"
495,WaterColor 27 WaterColor Blvd W #102
496,"Seacrest Beach ""Happy House"" 8034 E County HWY 30A | Seacrest Vacation Rental"
497,"Seagrove ""St. Charles"" 45 Camellia Street"
498,Rosemary Beach 33 Atticus Road | Rosemary Beach Vacation Rental
499,"Grayton Beach ""Grayt Hideaway"" 210 Grayton Trails Road | Santa Rosa Beach Vacation Rental"
500,Villa Coyaba 401 - 3016 Scenic Highway 98
501,Villa Coyaba 305 - 3016 Scenic Highway 98
502,"WaterColor ""Lingerlonger"" 11 Acorn Way"
503,Watercolor 140 Flatwood Street | Santa Rosa Beach Vacation Rental
504,WaterColor 230 Needlerush Drive
505,WaterColor 222 Spartina Circle
506,Watersound 409 Coopersmith Lane
507,"Grayton Beach ""Bella Waves"" 60 Hotz Avenue | Santa Rosa Beach Vacation Rental"
508,"Destin ""Sea E O"" 3890 Sandprint Drive"
509,"WaterColor ""Canvas"" 198 Bluejack Street"
510,WaterColor 133 Silver Laurel Way | Santa Rosa Beach Vacation Rental
511,WaterSound 220 Salt Box Lane
512,WaterColor 51 Mistflower Lane
513,WaterColor 72 Buttercup Street
514,WaterColor 63 Sand Hill Circle
515,WaterColor 209 Wisteria Way
516,"Seagrove Beach, The Legacy, 3880 E County Hwy 30-A #401"
517,"WaterColor ""Crashing Waves"" 1407 Western Lake Drive"
518,"Blue Mountain Beach ""Blue Phoenix"" 16 Sandcastle Court"
519,WaterSound 215 Salt Box Lane
520,"Seagrove ""Seagrove Secret"" 156 Chivas Lane East Unit"
521,WaterColor 1660 County Hwy 30-A Unit 102
522,Seaside 621 Forest Street
523,WaterColor 147 Scrub Oak Circle
524,WaterColor 20 Goldenrod Circle #201
525,"Seagrove ""4K Seaside"" 60 Live Oak St"
526,"Seagrove Beach ""McDunes"" 81 Chivas Lane"
527,"WaterColor ""Cinnamon's Retreat"" 33 Wisteria Way"
528,"Seagrove Beach ""Absolutely"" 2890 E Co Hwy 30A | Santa Rosa Beach Vacation Rental"
529,WaterColor 135 Buttercup Street
530,WaterSound Compass Point I-205 - 99 Compass Point Way S
531,"WaterColor ""Southern Door"" 142 Cove Hollow Street"
532,Blue Mtn. Adagio Unit B-405 - 2421 W. Hwy 30A
533,"Watercolor ""Family Tides"" 276 Pine Needle Way"
534,"WaterColor ""3 Sisters on the Beach"" 93 Park Row Lane | Santa Rosa Beach Vacation Rental"
535,"WaterColor ""Sea la Vie!"" 28 WaterColor Blvd E #201"
536,"Watercolor ""Blue Haven Cottage"" 88 Spartina Circle | Santa Rosa Beach Vacation Rental"
537,WaterSound Crossings A-102 - 429 Bridge Lane
538,"WaterSound Compass Point II-106 ""Gulf Haven"" 37 Compass Pt. Way"
539,Villa Coyaba 108 - 3016 Scenic Highway 98
540,WaterColor 1735 E. County Hwy 30A #305
541,WaterSound 261 Salt Box Lane
542,"WaterColor ""La Belle Maison"" 1235 Western Lake Drive"
543,"WaterColor ""Sea Breeze"" 9 Lyonia Lane"
544,Seagrove 3527 East County Highway 30A
545,"WaterColor ""Beachside #17"" 1848 E. Co. Hwy 30A"
546,"Seagrove Beach ""Villa Sienna"" 430 Beachfront Trail | Santa Rosa Beach Vacation Rental"
547,WaterColor 12 Thicket Circle
548,"Watercolor ""Crude Intentions"" 265 Western Lake Dr"
549,WaterSound Crossings C-111 - 100 South Bridge Lane
550,WaterColor 4 WaterColor Blvd. S #201
551,WaterSound 151 Coopersmith Lane
552,WaterColor 82 Vermillion Way
553,Rosemary Mercado 4A - 82 S. Barrett Sq.
554,"Seagrove ""MisChivas Mermaid"" 172 East Chivas Lane | Santa Rosa Beach Vacation Rental"
555,"Seagrove ""Life Is Golden"" 47 Seapointe Lane"
556,Blue Mtn. Adagio Unit A-402 - 2421 W. Hwy 30A
557,"Seaside ""Old Natchez Compound"" 147 Grayton Street | Santa Rosa Beach Vacation Rental"
